type,date,media,title,content,url
news,2017-08-24 11:14:00,조세일보,"신한금융그룹, 베트남 최대 스타트업 지원기관과 업무협약","신한금융그룹은 베트남 최대규모의 스타트업 지원기관인 SIHUB와 유망기술 보유 스타트업의 교류 및 상호 지원을 위한 MOU를 체결했다고 24일 밝혔다.이번 협약을 통해 신한금융은 국내 핀테크 기업의 베트남 진출을 적극 도울 예정이다.또 베트남 현지 유망 핀테크 기업의 성장을 위해 금융노하우 및 ICT 기술지원 등도 병행해 베트남 핀테크 생태계 발전에도 기여할 계획이다.신한금융그룹 관계자는 ""글로벌 시장에서 '기술과 금융이 함께 만들어가는 상생의 모델'을 더욱 확대해 나갈 계획""이라고 말했다.▶ [HOT]당신의 10분 몸 만들기...황현정기자의 쭉쭉빵빵▶ [HOT]세무·회계 실무, 맞춤형 교육 '조세일보 재무교육원'..박지환(pjh@joseilbo.com)저작권자 ⓒ 조세일보(http://www.joseilbo.com). 무단전재 및 재배포 금지",http://www.joseilbo.com/news/news_read.php?uid=333778&class=51&grp=
news,2017-08-17 11:10:00,조세일보,"[국세청 전국세무관서장 회의] 국세청, '빅데이터' 본격 가동…과세 그물망 더 촘촘해진다","차세대국세행정시스템(NTIS)으로 과거와 비교할 수 없을 정도로 고도화된 정보 시스템을 갖춘 국세청은 '빅데이터 분석 기법'을 활용해 한층 정교한 세금 사전안내 자료를 납세자들에게 제공할 예정이라고 밝혔다.  특히 대기업과 고소득자, 영세·중소납세자, 탈세 고위험군 등 납세자 유형별로 사전안내의 실효성이 큰 항목을 위주로 거래 및 지출패턴 등을 분석해 주의해야 할 사항들을 세금 신고 전 미리 안내해 성실한 납세를 유도한다는 방침이다.  국세청은 17일 세종시 나성동 국세청사에서 전국세무관서장회의를 개최하고 공정한 세정 구현을 위한 '국세행정 운영방안'을 발표했다.국세청은 이날 사전안내 강화 방침을 천명하면서 빅데이터 분석의 단계적 추진 방안을 구체적으로 제시했다.우선 국세청은 빅데이터 전담 T/F를 구성하고 세부추진 방안을 마련할 방침이다. 또 빅데이터의 체계적 분석·활용을 위한 빅데이터 분석시스템을 구축하고 전담조직인 빅데이터센터(가칭)도 설치할 계획이다.국세청은 카카오페이 등 핀테크 결제자료, 건강보험 청구정보, 국고보조금 집행내역 등 외부기관의 과세자료를 지속적으로 모으고, 기존 데이터와의 통합 분석을 강화해 다양한 안내자료를 제공할 방침이라고 밝혔다.아울러 국세청은 납세자가 신고안내정보를 쉽게 활용할 수 있도록 제공방식을 개선할 예정이다.국세청은 홈택스 '신고도움 서비스'를 통해 납세자의 모든 신고정보를 통합해 제공하고 365일 언제든지 조회가 가능하도록 개선할 방침이라고 전했다. 현재는 신고기간 중에만 조회가 가능하다.납세자가 쉽게 이해하도록 그래프 등 시각정보를 최대한 제공하고 세무대리인에게도 신고에 필요한 납세자 정보를 지원할 방침이다.아울러 국세청은 납세자 유형별 맞춤형 안내문을 개발하고 쉬운 내용과 표현 등으로 납세자가 세금을 신고하는 데 무리가 없도록 안내문을 적극 개선할 예정이라고 전했다.  세금 신고서를 미리 채워주는 미리채움·모두채움 서비스는 계속 확대된다. 특히 앞으로는 부가가치세 신고시 의제매입세액 공제액 매입내역, 소득세 신고시 교육비, 의료비, 보험료 자료 등도 이 서비스를 통해 확인할 수 있게 될 예정이다.최근 추세에 발맞춰 인터넷 PC 중심의 홈택스 신고·납부 서비스를 전면 모바일화 할 예정이다. 지금은 전체 700여개의 홈택스 서비스 중 70여개에 대해서만 모바일서비스가 제공되고 있다.또 국세청은 모바일 간편결제를 통해 세금을 납부하고, 증명열람 및 팩스전송 기능 등 간단한 민원도 모바일을 통해 해결할 수 있을 것이라고 밝혔다.아울러 납세협력비용을 측정해 납세자가 불편해 하는 분야를 발굴하고 국민이 체감할 수 있는 납세서비스를 집중적으로 개선할 예정이라고 덧붙였다.국세청은 성실 중소납세자에겐 컨설팅 위주의 간편조사가를 확대해 세무조사에 대한 부담을 줄이고, 특히 소규모 납세자를 대상으로 '양도소득세 간편조사제도'를 새롭게 도입할 예정이라고 밝혔다.성실납세협약제도, 세법해석 사전답변제 등 납세자의 예측가능성을 높이는 서비스는 지속적으로 보완할 예정이다.이 밖에 국세청은 모범납세자, 아름다운 납세자 제도 등은 내실 있게 운영하고 성실납세자에 대한 우대혜택을 확대할 방침이라고 전했다.공익광고, 청소년 세금교육, 블로그 등 통해 올바른 세금정보를 제공해 성실납세에 대한 공감대도 확산시킬 계획이다.▶ [HOT]당신의 10분 몸 만들기...황현정기자의 쭉쭉빵빵▶ [HOT]세무·회계 실무, 맞춤형 교육 '조세일보 재무교육원'..이현재(rozzhj@joseilbo.com)저작권자 ⓒ 조세일보(http://www.joseilbo.com). 무단전재 및 재배포 금지",http://www.joseilbo.com/news/news_read.php?uid=333199&class=7&grp=
news,2017-08-11 13:02:00,조세일보,"BNK 썸뱅크, 24시간 신청 가능한 ‘썸뱅크 아파트 담보대출’ 출시","BNK금융그룹 부산은행이 대출 신청부터 실행까지 전 과정이 모바일로 진행되는 '썸뱅크 아파트 담보대출'을 출시했다고 11일 밝혔다.썸뱅크 아파트 담보대출은 BNK금융의 모바일 은행 썸뱅크를 통해 24시간 대출 신청이 가능하다.이는 대출 신청 및 전자약정, 전자등기 등 대출 전 과정이 스마트폰에서 이뤄져 은행 영업점을 방문하지 않아도 된다.또 썸뱅크 '찾아가는 대출 상담 서비스'을 신청하면 대출 전담직원이 직접 방문해 상세한 상담도 받을 수 있다. 금리는 우대금리 0.2%와 거래실적 옵션금리 적용시 최저 연 2.99%(2017년 8월 11일 기준)까지 적용 가능하다. 대출 기간은 10년 이상 30년 이내로 상환방식은 원금 균등 또는 원리금 균등 분할상환 중 선택할 수 있다.향후 금리 상승시 이자부담 경감을 위해 대출 취급일로부터 최장 5년까지 금리 상승폭을 제한하는 옵션도 선택할 수 있다.BNK부산은행 빈대인 은행장 직무대행은 “썸뱅크 아파트 담보대출 출시로 언제든지 편리하게 주택담보대출을 이용할 수 있다. 최근 출범한 인터넷 전문은행에서도 아직 주택담보대출 은 판매하지 않고 있다”라며 “생활금융 플랫폼 '썸라이프', 간편 결제서비스 '썸패스' 등 다양한 핀테크 금융 서비스도 추가해 나갈 예정이다”라고 전했다.▶ [HOT]당신의 10분 몸 만들기...황현정기자의 쭉쭉빵빵▶ [HOT]세무·회계 실무, 맞춤형 교육 '조세일보 재무교육원'..임순택(kookje@joseilbo.com)저작권자 ⓒ 조세일보(http://www.joseilbo.com). 무단전재 및 재배포 금지",http://www.joseilbo.com/news/news_read.php?uid=332870&class=18&grp=
news,2017-08-07 06:02:00,조세일보,"금융감독원, 제5회 FSS금융아카데미 심화과정 개최","금융감독원은 23일부터 25일까지 대학생, 일반인 등 50여명을 대상으로 '제5회 FSS금융아카데미 심화과정'을 개최한다고 7일 밝혔다.이 과정은 최고 수준의 금융전문가로부터 은행 ․ 증권 ․ 보험 업무 및 금융상품 소개, 파생상품 및 구조화상품 개요, 핀테크 현황, 기업평가 실무 등 현장 중심의 금융이론과 실무사례를 집중적으로 배울 수 있어 진로 선택의 기로에 선 대학생들에게 인기가 많다.FSS금융아카데미는 대학생 등의 금융시장 이해력을 높이고 우수한 금융인재를 양성하고자 금융감독원이 개설해 온 금융강좌로 매월 1회 열리는 일반과정과 여름방학중 매년 1회 열리는 심화과정으로 운영된다.수강 희망자는 금융감독원 금융교육센터 홈페이지를 통해 14일까지 신청하면 된다.◆…표=금융감독원 제공.▶ [HOT]당신의 10분 몸 만들기...황현정기자의 쭉쭉빵빵▶ [HOT]세무·회계 실무, 맞춤형 교육 '조세일보 재무교육원'..김연지(yjkim@joseilbo.com)저작권자 ⓒ 조세일보(http://www.joseilbo.com). 무단전재 및 재배포 금지",http://www.joseilbo.com/news/news_read.php?uid=332319&class=18&grp=
news,2017-08-01 14:08:00,조세일보,"KT, 5G 상용화 아이디어 지원 위한 '5G 서비스 공모전'","◆…사진제공:KTKT가 중소·벤처기업들의 5G 서비스 아이디어를 접수 받고 이를 지원하기 위해 '5G 서비스 공모전'을 실시한다고 1일 밝혔다. 빠른 속도와 끊김 없는 연결, 방대한 용량의 5G 네트워크 특성과 중소·벤처기업이 보유한 기술을 결합시켜 높은 가치를 제공하는 서비스를 발굴하기 위한 것으로 그룹사 및 협력사뿐 아니라 기술 역량을 갖춘 중소·벤처기업들과 협업을 위한 의도이다.지난 3월에는 중소·벤처기업들과 5G, 핀테크, 통합보안, 커넥티드카, 인공지능(AI), 빅데이터 등 11개 신사업 분야 협업을 위해 오픈형 기술 협의체 KT-에코 얼라이언스(KT-Eco Alliance)를 출범시킨 바 있다.현재 이에는 150여개 기업이 참여 중으로 5G 서비스 공모전은 이들 참여기업을 대상으로 하며 5G 포럼에서 분류한 몰입형, 지능형, 편재형, 자율형, 공공형 5개 분야의 주제별 서비스 시나리오를 제안하면 된다. 세부적으로는 증강현실(AR), 가상현실(VR), 홀로그램, 로봇, 드론, 재난재해 감시, 개인보안 등 다양한 영역에서 창의적 아이디어가 대상이다. 다음달 1일까지 KT협력사 포털(partner.kt.com)의 공지사항을 참고해 이메일(ecoalliance@kt.com)로 서비스 시나리오를 제출하면 된다. KT-에코 얼라이언스 멤버사가 아닐 경우에도 KT협력사 포털에서 가입 심사 및 승인 절차를 거치면 공모전에 참여할 수 있다. 1차 서류심사, 2차 PT심사를 거쳐 최우수상 1000만원을 비롯, 7개 기업에 3000만원의 상금을 시상하는 것과 함께 별도 개발비도 지원해 5G 관련 아이디어 사업화를 적극 지원할 계획이다. ▶ [HOT]당신의 10분 몸 만들기...황현정기자의 쭉쭉빵빵▶ [HOT]세무·회계 실무, 맞춤형 교육 '조세일보 재무교육원'..백성원(peacetech@joseilbo.com)저작권자 ⓒ 조세일보(http://www.joseilbo.com). 무단전재 및 재배포 금지",http://www.joseilbo.com/news/news_read.php?uid=331841&class=78&grp=
news,2017-07-26 13:00:00,조세일보,"기업은행, 산탄데르은행과 '수출입기업 매칭서비스' 도입 업무협약","◆…25일(현지시간) 스페인 산탄데르은행 본사에서 배관희 기업은행 외환사업부 부장(왼쪽)과 페르난도(Fernando Lardies) 산탄데르은행 부행장이 협약식을 마치고 기념 촬영을 하고 있다. 사진 기업은행 제공IBK기업은행은 25일(현지시간) 스페인 산탄데르은행과 중소 수출입기업의 해외 판로개척 지원을 위한 '비대면 수출입기업 매칭서비스' 도입 업무협약을 체결했다고 26일 밝혔다.산탄데르은행이 국내 은행과 독점계약을 맺은 것은 이번이 처음이다.기업은행은 산탄데르은행 및 제휴은행 고객과 자체 고객 간 매칭(Seller-Buyer)을 통해 중소기업의 수출입 거래를 지원하는 'IBK 트레이드클럽(TradeClub)' 서비스를 오는 10월 중 출시할 예정이다.이 서비스는 매칭 알고리즘을 통해 거래를 희망하는 상대방을 자동 매칭해주는 핀테크 기술을 적용했다. 또 전담관리자(community manager)를 두고 고객의 희망 사업 및 규모 등을 감안한 일대일 매칭도 지원한다.기업은행은 인터넷뱅킹에 전용사이트를 개설해 거래기업을 대상으로 산탄데르은행과 제휴중인 전 세계 13개 은행의 1만2000개 기업고객에 대한 정보를 제공할 예정이다.기업은행 관계자는 ""정보력이 부족한 중소 수출입기업 지원을 위해 이번 서비스를 무료로 제공할 예정""이라며 ""수출입기업의 해외 판로개척 지원을 통해 중소기업의 성장을 견인하는 '동반자금융' 실현을 위해 지속 노력하겠다""고 말했다.▶ [HOT]당신의 10분 몸 만들기...황현정기자의 쭉쭉빵빵▶ [HOT]세무·회계 실무, 맞춤형 교육 '조세일보 재무교육원'..박지환(pjh@joseilbo.com)저작권자 ⓒ 조세일보(http://www.joseilbo.com). 무단전재 및 재배포 금지",http://www.joseilbo.com/news/news_read.php?uid=331236&class=51&grp=
news,2017-07-24 12:00:00,조세일보,"금감원, 금융용어사전 2017년 개정판 인터넷 서비스","금융감독원은 새 금융용어를 반영한 '2017년 금융용어사전 개정판'을 금감원 홈페이지와 금융소비자정보포털 파인에 등재했다고 24일 밝혔다.이번 개정판에는 총 533개의 금융용어를 수록했으며, 국제기준이나 금융환경 및 제도 변화에 따라 생긴 최신 금융용어들을 반영했다.국제 금융감독기준인 경기대응 완충자본(CCyB), 시스템적 중요 금융회사(SIFI), 유동성 커버리지비율(LCR) 등의 용어, 국내 제도와 관련해 최근 많이 사용되는 총부채원리금상환비율(DSR), 소액해외송금업, 스튜어드십코드 등의 용어들이 대표적이다. 또한 핀테크 발달을 반영한 인터넷전문은행, P2P대출, 로보어드바이저, 크라우드펀딩과 같은 전문적 금융용어 들도 자세하게 설명되어 있다.사이트의 검색기능도 강화해 금감원 홈페이지 및 파인 검색창에 알고 싶은 용어명을 정확히 입력하지 않고 일부 단어만 입력해도 용어가 검색된다. ◆…그림=금감원 제공.▶ [HOT]당신의 10분 몸 만들기...황현정기자의 쭉쭉빵빵▶ [HOT]세무·회계 실무, 맞춤형 교육 '조세일보 재무교육원'..김연지(yjkim@joseilbo.com)저작권자 ⓒ 조세일보(http://www.joseilbo.com). 무단전재 및 재배포 금지",http://www.joseilbo.com/news/news_read.php?uid=330961&class=18&grp=
news,2017-07-24 10:50:00,조세일보,"KB금융, 한 번 로그인으로 모든 계열사 금융서비스 이용","KB금융그룹은 그룹 내 계열사의 서비스를 연계한 복합 금융서비스를 시작했다고 24일 밝혔다. 이에 따라 KB금융그룹 고객은 계열사별 홈페이지나 모바일 앱을 옮겨 다니면서 매번 로그인 할 필요 없이 다른 계열사의 서비스를 간단하게 이용할 수 있게 되었다. KB금융은 KB국민은행 KB손해보험 KB생명보험에 이어 KB카드에 이르기 까지 연계 서비스를 개시했으며 8월부터는 KB증권 KB저축은행 KB캐피탈 등 타 계열사도 순차적으로 서비스를 출시할 예정이다.이 서비스를 이용하면 KB국민은행 고객의 경우 스타뱅킹 앱의 'With KB' 메뉴에서 KB국민카드 보유내역 및 결제예정금액을 조회가능하며, KB손해보험이나 KB생명보험의 보험상품을 보유하고 있으면 보험상품 가입내역 및 보험료 납입현황을 볼 수 있다. 또 KB손해보험의 고객은 홈페이지에서 KB국민은행의 계좌잔고 및 대출만기일 조회, KB증권의 계좌 총자산 및 관심종목을 조회할 수 있는 등 KB금융그룹의 다양한 금융서비스를 더욱 편리하게 이용할 수 있다.KB금융그룹은 고객이 다양한 금융서비스를 편리하게 이용할 수 있도록 내·외부 융복합 서비스와 핀테크 기술 및 아이디어의 확장적 연계가 가능한 오픈API 플랫폼을 구축하고 있으며, 조회 서비스를 시작으로 고객이 다양한 계열사 상품을 One-Stop으로 거래할 수 있도록 서비스 영역을 확장할 계획이다. KB금융그룹 관계자는  “오픈 API 기반으로 고객들이 필요로 하는 고객 지향적인 융복합 서비스를 신속하게 제공하고, 핀테크 업체와의 확장적 연계를 통해 외부 신기술을 접목하고 혁신적인 금융 서비스를 창출하기 위해 지속적으로 노력할 것”이라고 말했다.▶ [HOT]당신의 10분 몸 만들기...황현정기자의 쭉쭉빵빵▶ [HOT]세무·회계 실무, 맞춤형 교육 '조세일보 재무교육원'..박지환(pjh@joseilbo.com)저작권자 ⓒ 조세일보(http://www.joseilbo.com). 무단전재 및 재배포 금지",http://www.joseilbo.com/news/news_read.php?uid=330943&class=18&grp=
news,2017-07-20 12:00:00,조세일보,"BNK금융 썸뱅크,  생체인식 ‘BNK바이오패스’ 확대 실시","BNK금융그룹이 모바일 은행 '썸뱅크'를 통해 은행권 최초로 생체인식 공인인증 되는 서비스인 'BNK바이오패스'를 생체인증이 가능한 모든 스마트폰으로 확대 시행한다고 20일 밝혔다.BNK바이오패스는 공인인증서 비밀번호를 숫자나 문자가 아닌 생체인증(지문)으로 대체해 각종 금융거래를 더욱 빠르고 안전하게 사용할 수 있는 서비스다.썸뱅크는 지난 4월 BNK금융그룹이 삼성전자 삼성패스와 제휴해 갤럭시 S8을 통해 홍채 및 지문인식 바이오 공인인증 서비스를 출시한 프로그램이다.이번에는 은행권 최초로 FIDO기반(지문, 홍체, 안면인식 등 생체인식 기술을 활용한 본인 인증방식)의 모든 스마트폰(아이폰 iOS 8.0 이상 및 안드로이드 6.0 이상 단말기)으로 서비스를 확대했다.썸뱅크 고객들은 BNK바이오패스를 통해 지문 인증만으로 공인인증서가 자동으로 제출되어 모든 금융서비스를 이체한도 등 별도의 제약없이 편리하게 사용 가능하다.  또 공인인증서를 생체인증과 결합해 스마트폰 내 안전 장소에 저장시켜 안전성과 보안성도 획기적으로 높였다는 평을 받고 있다.BNK부산은행 장명수 디지털금융부장은 “오는 9월 중 부산은행 스마트뱅킹인 '굿뱅크'에서도 BNK바이오패스 제공할 계획으로 다양한 핀테크 서비스를 구축해 고객 편의성을 더욱 높여 나가겠다”라고 전했다.▶ [HOT]당신의 10분 몸 만들기...황현정기자의 쭉쭉빵빵▶ [HOT]세무·회계 실무, 맞춤형 교육 '조세일보 재무교육원'..임순택(kookje@joseilbo.com)저작권자 ⓒ 조세일보(http://www.joseilbo.com). 무단전재 및 재배포 금지",http://www.joseilbo.com/news/news_read.php?uid=330765&class=18&grp=
news,2017-07-19 13:01:00,조세일보,"BNK부산銀 썸뱅크, 24시간 해외송금 서비스 시행","BNK부산은행이 모바일 은행 썸뱅크를 통해 365일 24시간 이용 가능한 '썸뱅크 해외송금' 서비스를 시행한다고 19일 밝혔다.썸뱅크 해외송금은 별도 은행 방문없이 휴대폰 '썸뱅크' 앱을 통해 이용할 수 있다.썸뱅크 앱 사용법은 송금금액, 해외 수취계좌, 받는 사람의 정보 등을 입력해 신청하면 되며 송금 과정은 신청인의 휴대폰 문자메세지를 통해 전송된다.송금은 건당 미화(USD) 기준 3000불 이하로 가능하고 연간 송금한도에 제한은 없다.부산은행은 썸뱅크 해외송금 시 금액에 상관없이 송금수수료를 면제하고 환율도 상시 30% 우대 혜택을 제공한다고 밝혔다.이와 별도로 부산은행은 썸뱅크 해외송금 서비스 출시를 기념해 12월 말까지 환율을 70%까지 우대하는 이벤트도 진행한다.BNK부산은행 빈대인 미래채널본부장(은행장 직무대행)은 “핀테크 업체들과 협업을 통해 소액 해외송금 시장에서 썸뱅크의 경쟁력을 강화해 나갈 계획이다”라며 “고객 편의성 증대를 위한 혁신적이고 편리한 서비스를 지속 탑재해 나가겠다”라고 전했다.▶ [HOT]당신의 10분 몸 만들기...황현정기자의 쭉쭉빵빵▶ [HOT]세무·회계 실무, 맞춤형 교육 '조세일보 재무교육원'..임순택(kookje@joseilbo.com)저작권자 ⓒ 조세일보(http://www.joseilbo.com). 무단전재 및 재배포 금지",http://www.joseilbo.com/news/news_read.php?uid=330616&class=18&grp=
news,2017-07-19 08:44:00,조세일보,"[2017년 제1기 부가세 확정신고·납부] ③'맞춤형 안내문' 받은 64만 사업자, ""국세청이 지켜본다""","국세청은 이번 부가가치세 신고·납부 시즌에도 어김없이 '맞춤형 안내문'을 발송했다.2017년 제1기 부가세 확정신고 기간에 맞춤형 안내문을 받은 사업자는 총 64만명. 전체 사업자 477만명 중 13%를 차지한다. 10명 중 1명은 맞춤형 안내문을 받은 셈. 모든 사업자에게 발송된 안내문과 달리 맞춤형 안내문은 사업자 중 일부를 선별해 사업자 업종의 특성에 맞는 자료를 골라 안내하고 있다. 사업자 입장에서 이런 저런 점을 주의해 신고하라는 안내문으로 국세청에서는 성실신고 지원을 위한 것일 뿐이라고 하지만, 사실 '속내'는 따로 있다. '맞춤형 안내문', 사실은 경고장? 국세청은 올해 새로운 형태의 판매대금 결제자료인 카카오페이 등 핀테크 결제자료를 폭넓게 수집해 이를 업종별·유형별로 보다 정교하게 분석하고 발굴, 총 64만명의 사업자에게 90개 항목의 '신고 도움자료'를 제공했다. 신고 도움자료가 곧 맞춤형 안내문인 셈.도움자료 항목을 살펴보면 업종별로는 건설업(산재보험에 가입된 건설공사 현황자료 안내), 숙박업(매출 규모별 평균 수도사용량 분석자료 안내), 전문직(설계·감리용역 매출에 대한 성실신고 안내), 제조업(국고(공공)보조금 수령업체 매출에 대한 성실신고 안내), 폐기물처리업(환경공단에 신고된 폐기물 처리량 자료 안내) 등 내용이 들어있다. 유형별로는 매출 부문에서는 영세율·시설투자 없는 계속 환급신고자 성실신고 안내, 매입 부문에선 개인적 사용 신용카드 수취자료(유흥향락, 생활용품․잡화 구입 등), 비영업용 소형승용차 구입·렌트비용 매입세액 불공제 안내, 금융자문·감정평가 매입세액 불공제 안내와 공제 부문에선 재활용 폐자원 매입세액 공제자 영수증 분석자료 등의 내용이 있다. 사업자들이 신고를 할 때 가장 많이 실수하는 부분으로 여기에 해당하는 사업자는 각별히 주의를 하라는 뜻으로 안내문을 발송했지만 국세청의 진짜 노림수는 따로 있다.  이런 유형의 탈세가 많이 발생되고 있다는 것을 알고 있으니, 성실신고하라는 일종의 '경고장'인 셈이다. 사실 국세청은 지난해 국정감사에서 이런 사전안내문이 납세자들에게 심리적 부담과 압박을 준다고 지적받고 올해부터 사전 안내문을 없애고 신고 도움자료를 제공하고 있지만 그 내용은 크게 달라진 것이 없다는 후문이다. 국세청이 카카오페이 등 핀테크 자료를 활용한 것도 기존과 다른 결제자료도 파악하고 있으니 성실신고를 종용하는 일종의 경고라는 전언이다. 모든 사업자에게는 어떤 안내문이?특별한 안내문을 받은 64만명을 제외한 나머지 사업자들은 국세청의 안내문에 큰 압박을 느낄 필요가 없다. 국세청은 모든 개인 일반사업자와 법인사업자에게는 지난 2년 간의 신고내역 분석자료, 신고 시 유의사항 및 성실신고 체크리스트 등만 제공했다. 신고 부가가치율, 신용카드·현금영수증 매출비중 등의 항목은 추세 그래프로 제공해 납세자의 이해를 높였다는 것이 국세청의 설명이다. 소규모 사업자에게는 신고 오류에 따른 가산세를 부담하지 않도록 법령상 공제받지 못하는 매입세액 공제 자료(ex : 면세 관련 매입) 등 잘못 신고하기 쉬운 항목 위주로 안내했다.대사업자와 취약업종에 대해선 전자세금계산서 거짓수수혐의 분석자료, 신용카드 위장가맹 사업자와 거래자료 등 탈루가 빈번한 항목, 불성실 혐의사항에 대한 개별 분석자료를 제공했다. 국세청은 고령자가 안내문을 보는데 어려움을 겪지 않도록 부가세 신고·납부 기간, 신고·납부 방법 등 중요내용 위주로 기재하고 글자 크기를 확대했다.국세청이 제공하는 모든 신고 도움자료는 홈택스의 부가가치세 신고도움 서비스에 통합 수록해 사업자가 신고하기 전에 쉽게 확인할 수 있으므로 사업자들은 신고 전에 '신고도움 서비스'를 반드시 조회해보는 것이 좋다고 국세청은 설명했다. ◆…개선된 부가가치세 신고안내문(앞면)",http://www.joseilbo.com/news/news_read.php?uid=330561&class=7&grp=
news,2017-07-14 08:32:00,조세일보,[한주간 稅소식] [카드뉴스]최순실도 모자라 면세점까지…'청장 리스크' 흔들리는 관세청,"稅소식 1.현직 관세청장이 국정농단의 주범인 최순실 씨에게 충성맹세를 했다는 충격이 채 가시기도 전에 관세청이 '면세점 파문'에 크게 흔들리고 있습니다. 감사원은 최근 면세점 선정과정에 심각한 문제가 있었다는 감사 결과를 발표했습니다. 지난 2015년 7월 1차 면세점 선정 당시 관세청에서는 한화갤러리아타임월드의 매장면적에 공용면적을 더해 점수를 산정했고 호텔롯데는 전용면적으로만 점수를 산정했습니다.  법규준수도 항목에서도 운영인 점수 89.48점과 수출입업체 점수 97.9점을 평균한 93.69점을 줬어야 했지만 수출입업체 점수 97.9점을 부여했습니다. 이 뿐만이 아닙니다. 3차 면세점 선정 당시 박근혜 대통령이 경제수석실에 서울 시내면세점 신규특허를 발급하라고 지시했고 기획재정부는 관세청과 상의도 없이 진행했습니다. 그 결과, 지난 2015년 신규특허 발급근거로 사용했던 2014년 외국인 관광객 증가분을 다시 재활용 해 신규특허를 늘렸고 결국 13개의 면세점이 서울 시내에서 영업하게 되는 '제 살 깎아먹는' 시장구도를 만들게 됩니다. 관세청의 부당한 점수 계산방법으로 면세특허를 받은 한화갤러리아와 두산 측은 난리가 났습니다. 사드 보복으로 인한 '금한령' 조치로 사업이 어려워진 상황에 이 문제까지 불거지며 업체들은 당혹감을 감추치 못하고 있습니다. 두 업체는 관세청에 로비를 한 것이 없다며 선을 긋고 있지만 파문은 쉽게 가라앉지 않고 있습니다. 일각에선 면세특허를 회수해야 한다고까지 얘기하고 있습니다.  면세점 선정 과정에 문제가 없었냐고 계속 물었던 의원들은 김낙회 전 관세청장과 천홍욱 관세청장이 위증을 했다며 검찰에 고발했습니다. 이들은 국정조사까지 하겠다고 목소리를 내고 있습니다. 이에 앞서 감사원에서는 천 관세청장을 자료 파기 혐의로 검찰에 고발했습니다. 면세점 선정 당시 관세청장이었던 김 전 관세청장도 사정 칼날을 피해가긴 어려워보입니다. 이미 검찰은 특수부에 이 사건을 배당해 수사 중에 있습니다. 국회 기획재정위원회에서는 김 전 관세청장과 천 관세청장을 위증 혐의로 검찰에 고발하고 국정조사를 요구하고 있습니다. 관세청 차장을 마지막으로 1년 간 민간에 있다가 돌아온, 사실상 내부승진이었던 천 관세청장에 대한 기대가 컸던 관세청 직원들. 관세국경을 지키는 자랑스러운 관세공무원에서 하루 아침에 개혁 대상으로 전락한 관세청 직원들의 눈물은 대체 누가 닦아줘야 할까요? 稅소식 2.부가가치세 신고·납부 시즌이 다가왔습니다. 개인사업자 394만명, 법인사업자 83만명 등 총 477만명은 오는 25일까지 부가세 신고·납부를 해야합니다. 개인 일반과세자는 1월1일부터 6월30일까지 6개월분, 법인사업자는 4월1일부터 6월30일까지 3개월분을 신고하면 됩니다. 세금신고는 어려운 것이라고 인식하는 사람들이 많지만 국세청에서 제공하는 다양한 도움자료와 전자신고를 이용한다면 쉽게 부가세 신고를 할 수 있습니다. 국세청은 납세자들의 성실신고를 위해 안내문을 만들어 발송하고 있습니다. 모든 사업자에게는 지난 2년간의 신고내역 분석자료, 신고 시 유의사항 및 성실신고 체크리스트 등을 제공했으며 신고 부가가치율, 신용카드·현금영수증 매출비중 등의 항목은 추세 그래프로 제공했습니다.특히 64만명의 사업자에게는 업종별 특성과 세금신고 유형 등을 정리한 '맞춤형 자료'를 발송했는데요.외부기관 자료 및 새로운 형태의 판매대금 결제자료(카카오페이 등 핀테크 결제자료) 등 다양한 과세자료를 폭넓게 수집하고 이를 업종별·유형별로 보다 정교하게 분석·발굴해 90개 항목의 '신고 도움자료'를 추가 제공한 것입니다. 안내문 뿐만 아니라 국세청에서 제공하는 다양한 자료를 활용하면 세금 신고가 더욱 쉬워지는데요.전자세금계산서 매출?매입 등 총 20개 항목의 자료를 신고서 입력화면에서 조회한 후 신고서를 작성하면 빈 공간에 내용이 바로 채워지는 '미리채움 서비스'도 제공하고 있습니다. 이번 신고에는 의제매입세액 공제신고서 작성 시 면세농산물 계산서 매입내역 조회기능을 제공하고 세무대리인에게 매입자납부사업자 국고입금세액 정보를 추가로 제공합니다.  입력량이 많은 신고서 첨부서류 5종에 대해선 사업자가 본인 PC에서 작성한 후 홈택스에 일괄 올려주기 할 수 있는 엑셀 프로그램을 제공하니 사업자들은 이런 서비스를 잘 활용하면 신고하는데 도움을 받을 수 있습니다. 稅소식 3. 올해 5월까지 정부가 거둬들인 국세수입 실적이 지난해 같은 기간에 비해 11조원 이상 더 늘어난 것으로 나타났습니다. 기획재정부가 최근 발표한 '월간재정동향 7월호' 자료에 따르면 5월 중 국세수입은 18조5000억원으로, 1~5월 누적 123조8000억원을 기록했습니다. 누적 기준으로 봤을 때 국세수입은 1년 전보다 11조2000억원이 늘어난 규모인데요.세목별로는 법인세 수입이 가장 많았습니다. 지난해 말 결산법인의 영업이익 실적이 개선되면서 전년동월 대비 9000억원이 늘었고, 누계로는 4조3000억원이 증가했습니다.부가가치세는 수입증가 등의 영향으로 1년 전보다 2조5000억원, 소득세는 자영업자 종합소득 신고실적 개선, 부동산거래 증가 등에 힘입어 같은 기간 1조8000억원이 증가했습니다. 국세수입 증가로 세수진도율은 지난해 같은 기간에 비해 2.7%p 상승한 51.1%를 기록했습니다. 5월까지 통합재정수지는 11조3000억원 흑자였지만 사회보장성 기금수지(18조3000억원 흑자 제외)를 제외한 관리재정수지는 7조원 적자를 기록했습니다. 기재부 관계자는 ""청년실업 증가, 글로벌 보호무역주의 확산 등 불확실성이 상존하고 있어 재정의 적극적 역할이 중요한 시점""이라며 ""추경 통과 시 신속 집행을 위한 사전 준비에 만전을 기하는 한편, 재정수입 모니터링 강화 등 세입기반 확대에도 노력할 계획""이라고 밝혔습니다. ▶ [HOT]당신의 10분 몸 만들기...황현정기자의 쭉쭉빵빵▶ [HOT]세무·회계 실무, 맞춤형 교육 '조세일보 재무교육원'..이희정;이민경(그래픽)저작권자 ⓒ 조세일보(http://www.joseilbo.com). 무단전재 및 재배포 금지",http://www.joseilbo.com/news/news_read.php?uid=330176&class=7&grp=
news,2017-07-12 09:03:00,조세일보,"SK(주) C&C, ICT 매출 4년 만에 상승 반전…향후 전략은?","2016년 IT서비스 매출, 전년 대비 15.1%↑...4년 만에 상승세지난해 SK(주) C&C사업부의 IT서비스 매출이 2013년 이후 줄곧 하향 추세에서 벗어나며 4년 만에 성장세로 돌아선 것으로 나타났다.  포화상태에 이른 국내 SI시장과, 경기침체 지속, 2013년부터 대기업계열 SI업체들의 공공부문 수주 참여가 제한되는 등 영업환경 악화에 시달리던 SK(주)C&C가 2015년부터 지속 추진해온 금융권 차세대사업 시장 공략과 IoT, 빅데이터, 클라우드, 인공지능(AI)을 아우르는 DT 신사업의 지속적인 발굴 노력이 주효했다는 평가다.12일 SK(주)의 사업보고서와 올 1분기보고서에 따르면, 합병 전 SK(주) C&C의 주력사업이었던 IT서비스 부문 매출이 지난해 1조4817.7억원을 시현, 2015년 1조 2875.4억원 대비 1942.3억원이 증가해 15.1% 성장한 것으로 나타났다. 더욱이 지난해 매출은 지난 2013년 1조4150.3억원 이후 가장 좋은 실적인데다가 성장률 또한 2013년 -7.4%, 2014년 -6.0%, 2015년 -3.2% 등 3년 연속 매출이 줄어드는 역경을 극복하고 4년 만에 증가세로 반전된 수치여서 눈길을 끌고 있다.게다가 지난 1분기 실적 역시 전년 동기대비 무려 30.9%나 신장한 양호한 매출을 기록한데다가, 중고차 유통 사업부의 매출 성장률 15.2%를 처음으로 웃돌아 1회성 호실적이 아니라 확실한 턴어라운드에 돌입한 것 아니냐는 것이 업계의 평가다.이 회사는 올 1분기 IT사업부에서만 3883.7억원의 매출을 올려 2016년 1분기 2967.5억원 대비 30.9%나 급증하는 호실적을 기록했다. 반면 중고차 유통 등 기타사업부가 올 1분기 매출 2253.3억원으로 지난해 1분기 1955.4억 대비 15.2% 신장에 그쳐, 처음으로 IT서비스 성장률에 뒤졌다.이같은 IT서비스 사업의 선전에 대해 SK(주) C&C사업부 관계자는 “""하나대투, 라이나생명, 우리은행, 저축은행중앙회 등 2015년 이후 본격화된 금융 차세대 사업을 연속 수주 한 것을 비롯, 30여곳에 이르는 대외 IT 아웃소싱 사업의 지속적 확대가 견인차 역할을 했다”고 설명했다. 그는 또 “이외에도 통신, 금융, 제조, 서비스 등 산업 전 분야에 걸쳐 IoT, 빅데이터, 클라우드, AI를 아우르는 DT 신사업의 지속적 발굴도 크게 도움이 됐다""고 부연 설명했다.IBK투자증권 김장원 연구원 역시 “2017년 1분기 실적은 외형과 수익 모두 만족할 만한 수준이었다”고 긍정적으로 평가했다. 기존 IT서비스와 더불어 Cloud, AI, Big Data, IoT 등 차세대 ICT사업 '활발'◆…'에이브릴 항생제 어드바이저(Aibril Antibiotics Advisor) 공동 개발 및 사업 계약'체결 기념 사진.   SK(주) C&C 제공이에 자신감을 얻은 SK(주) C&C는 전통적인 IT서비스사업은 물론, 신세대 먹거리인 ICT 융합 사업, 즉 클라우드, 스마트 팩토리, AI(인공지능), 스마트 물류, 빅 데이터, IoT, 핀테크 등 다양한 분야로 진출, 고객가치 창출서비스 모델을 더욱 구체화해 지속 성장을 꾀한다는 복안이다. 실제로 지난 5월 이후 최근까지 2개월간의 사업 추진내역만 살펴봐도 이 회사가 지속성장을 향해 얼마나 구슬땀을 흘리고 있는지 미뤄 짐작할 수 있다.SK(주)C&C는 클라우드 네이티브 애플리케이션 개발방법론인 'CNAPS(씨냅스)를 개발, 국내 하이브리드 클라우드 시장 공략 가속화에 나서는가하면 미래 디지털 전환 서비스를 지원하는 '종합 IT서비스로서의 클라우드 서비스' 제공에 나서기도 했다. 또 지난 5월 23일 '제조산업 혁신을 위한 Digital Transformation(DT) 세미나'에서 업계 최초로 '제조 분야 DT PoC(Proof of Concept, 개념검증)센터' 구축에 착수해 올 하반기 중 오픈한다고 발표했다.이어 25일에는 고려대학교의료원 유광사홀에서 '에이브릴 항생제 어드바이저 공동 개발 및 사업 계약'을 체결, 내년 하반기를 목표로 인공지능을 통한 항생제 오남용을 막기 위한 산학협력에 착수하기도 했다.  이뿐만이 아니다. 지난달 15일, 글로벌 온라인 게임 개발 기업인 엔젤게임즈가 SK(주)C&C의 글로벌 멀티 클라우드 서비스 '클라우드Z'를 이용해 '로드오브다이스'의 글로벌 게임 서비스를 진행한다고 밝히기도 했다. 이어 22일에는 ㈜나무아이앤씨와 'SK㈜ C&C 와츠 아이(Watz Eye)의 보안 데이터 연계 솔루션으로 코어코드 적용 협약(MOU)'을 체결, 융합 물리 보안 솔루션 및 제품의 해외 수출을 공동 개척해나가기로 하는 등 다방면에 걸친 ICT사업을 활발하게 전개하고 있다. 향후 사업전망에 대한 증권가의 평가도 긍정적이다.IBK투자증권 김장원 연구원은 “SKC&C와 합병 이후 IT서비스와 중고차유통업으로 이뤄진 자체사업은 IT서비스 매출 비중이 63.3%로 안정적인데다가 4차 산업혁명에서 클라우드·AI서비스를 적극 추진하고 있어 향후 성장 전망도 밝다”고 평가했다.▶ [HOT]당신의 10분 몸 만들기...황현정기자의 쭉쭉빵빵▶ [HOT]세무·회계 실무, 맞춤형 교육 '조세일보 재무교육원'..민경종(kj-min@joseilbo.com)저작권자 ⓒ 조세일보(http://www.joseilbo.com). 무단전재 및 재배포 금지",http://www.joseilbo.com/news/news_read.php?uid=329949&class=17&grp=
news,2017-07-11 12:50:00,조세일보,"""477만 사업자, 25일까지 부가세 신고·납부하세요""","64만 사업자에 맞춤형 자료 제공…미리채움 서비스 지원국세청, ""조기환급 등 세정지원 제도 운영한다""부가가치세 신고·납부 시즌이 성큼 다가왔다. 국세청은 오는 25일까지 부가세를 신고·납부해야 한다고 11일 밝혔다. 개인 일반과세자는 1월1일부터 6월30일까지 6개월분, 법인사업자는 4월1일부터 6월30일까지 3개월분 부가세를 신고·납부해야 한다. 이번 신고 대상자는 개인 394만명, 법인 83만명 등 총 477만명으로 지난해 1기 확정신고 당시 454만명보다 23만명 증가했다. 간이과세자는 별도의 신고 없이 직전 1년간 납부세액의 1/2에 해당하는 예정 고지세액을 납부하면 되지만 사업부진 등 예외적인 경우에는 예정신고를 선택할 수 있다. 국세청은 사업자가 자발적으로 성실하게 신고하도록 최대한 지원하는 것을 국세행정 운영의 최우선 가치로 두고 이번 부가세 신고에서는 모든 사업자에게 과거 신고내역 분석자료, 신고 시 유의사항 및 성실신고 체크리스트를 제공했다고 밝혔다. 64만 사업자 '맞춤형 자료 제공'…""성실신고 하세요""국세청은 지난해와 마찬가지로 64만 사업자를 선별해 성실신고 할 수 있도록 '맞춤형 자료'를 제공했다. 외부기관 자료 및새로운 형태의 판매대금 결제자료(카카오페이 등 핀테크 결제자료) 등 다양한 과세자료를 폭넓게 수집하고 이를 업종별·유형별로 보다 정교하게 분석·발굴해 90개 항목의 '신고 도움자료'를 추가 제공한 것이다. 대사업자와 취약업종에 대해선 전자세금계산서 거짓수수혐의 분석자료, 신용카드 위장가맹 사업자와 거래자료 등 탈루가 빈번한 항목, 불성실 혐의사항에 대한 개별 분석자료를 제공했다.  모든 사업자에게는 지난 2년간의 신고내역 분석자료, 신고 시 유의사항 및 성실신고 체크리스트 등을 제공했으며 신고 부가가치율, 신용카드·현금영수증 매출비중 등의 항목은 추세 그래프로 제공해 납세자의 이해를 높였다는 설명이다. 소규모 사업자에게는 신고 오류에 따른 가산세를 부담하지 않도록 법령상 공제받지 못하는 매입세액 공제 자료 등 쉬운 항목 위주로 안내했다.이번 안내문의 특징은 신고에 필요한 핵심내용 위주로 간결하게 시각화해 발송한 점이다. 부가세 신고·납부 기간, 신고·납부 방법 등 중요내용 위주로 기재하고 고령자도 쉽게 읽을 수 있도록 글자 크기를 보다 확대했으며 신규사업자에게는 처음 신고하는 점을 고려해 세무서 영세납세자지원단에서 제공하는 창업자 멘토링 제도를 안내했다.창업자 멘토링 제도는 세무대리인이 선임되지 않은 개인사업자에 대해서 창업단계부터 최초 종합소득세 신고에 이를 때까지 무료 세무자문·상담 서비스 제공한다.""미리채움 서비스 이용하면 신고가 쉬워져요""국세청은 사업자가 보다 편리하게 신고할 수 있도록 '미리채움 서비스를' 지속적으로 확대하고 있다. 그동안 전자세금계산서 매출․매입 등 총 20개 항목의 자료를 신고서 입력화면에서 조회한 후 바로 채울 수 있도록 제공해왔다. 이에 더해 이번 신고에는 의제매입세액 공제신고서 작성 시 면세농산물 계산서 매입내역 조회기능을 제공하고 세무대리인에게 매입자납부사업자 국고입금세액 정보를 추가로 제공했다.입력량이 많은 신고서 첨부서류 5종에 대해선 사업자가 본인 PC에서 작성한 후 홈택스에 일괄 올려주기 할 수 있는 엑셀 프로그램을 제공한다. 제공되는 내용은 수출실적명세서, 세금계산서합계표, 신용카드매출전표 등 수령명세서, 부동산임대공급가액명세서, 내국신용장·구매확인서 전자발급명세서 등이다. 국세청 홈페이지(www.nts.go.kr)에는 전자신고·납부요령, 신고검증 적출사례 등을 담은 '부가가치세 신고안내' 책자를 게시하고 업종별 전자신고 동영상을 게재했다. 동영상은 홈택스나 유튜브에도 게재해 쉽게 찾아볼 수 있다. 국세상담센터(국번 없이 126)를 통해서도 신고·납부와 관련된 전화 상담을 할 수 있다. 전자신고는 지난 1일부터 홈택스(www.hometax.go.kr)를 통해 할 수 있도록 서비스를 제공 중에 있으며 부득이 세무서를 방문해 신고하는 사업자의 경우에는 신분증을 지참해 안내문에 기재된 일자까지 방문하면 창구 혼잡을 피해 신고를 빨리 마무리할 수 있다. 임대업은 14일까지, 음식·숙박업은 18일까지, 신규사업자는 19일까지, 기타는 20일까지 세무서를 방문하면 된다. 자진 납부할 세금은 홈택스 또는 모바일을 통해 전자납부 하거나 신용카드로 편리하게 납부할 수 있으며 납부서를 출력해 직접 금융기관에 납부할 수도 있다. ""어려운 사업자, 세정지원 제도 활용하세요""국세청은  최근 외국인 관광객 감소, 재해, 구조조정, 자금난 등으로 경영에 어려움을 겪고 있는 사업자를 위해 여러가지 세정지원 제도를 운영하고 있다. 경영상 어려움을 겪는 사업자가 신청을 하면 납부기한을 최장 9개월까지 연장하는 등 기업의 활력 제고에 보탬이 되도록 적극 지원할 계획이다. 특히 중국관광객 감소로 어려움을 겪는 여행․숙박, 유통업, 전세버스 운송업 등 관광업에 종사하는 영세사업자에 대해선 납부기한 연장 시 최대 1억원까지 납세담보를 면제하고 조선·해운업 구조조정, 조류인플루엔자(AI)·구제역 등으로 어려움을 겪는 사업자에 대해서도 세정지원을 적극 실시할 계획이다.세정지원을 받고자 하는 사업자는 오는 21일까지 홈택스를 이용해 온라인 신청하거나 관할세무서에 우편·팩스·방문 신청도 가능하다. 이번 신고 시에도 기업의 자금 유동성 지원을 위해 '환급금 조기 지급'을 적극 실시할 계획이다.  중소기업 등이 오는 20일까지 조기환급(수출 등 영세율, 시설투자, 재무구조개선 계획을 이행 중인 경우)을 신청하는 경우 부당환급 혐의 등 사실 확인이 필요한 경우를 제외하고 신속히 검토해 이달 말까지 앞당겨 지급할 예정이다. 김용균 국세청 개인납세국장은 ""신고 도움자료를 신고에 반영하지 않는 등 불성실하게 신고하는 사업자에 대해서는 신고내용 검증을 신속하고 엄정하게 실시할 예정""이라며 ""부당환급 신청에 대해서는 부당환급 검색 시스템과 전자세금계산서 조기경보시스템 등을 통해 끝까지 추적해 반드시 탈루세금을 추징할 것""이라고 강조했다. ▶ [HOT]당신의 10분 몸 만들기...황현정기자의 쭉쭉빵빵▶ [HOT]세무·회계 실무, 맞춤형 교육 '조세일보 재무교육원'..이희정(hjlee@joseilbo.com)저작권자 ⓒ 조세일보(http://www.joseilbo.com). 무단전재 및 재배포 금지",http://www.joseilbo.com/news/news_read.php?uid=329886&class=7&grp=
news,2017-07-06 10:06:00,조세일보,"NH농협은행, 빅데이터 분석 프로젝트 착수","◆…농협은행 제공.NH농협은행은 급변하는 금융환경과 4차 산업혁명에 대응하기 위한 '빅데이터 분석 플랫폼 구축 프로젝트' 착수보고회를 5일 서대문 본사 대회의실에서 진행했다고 6일 밝혔다.앞서 농협은행은 '빅데이터 프로젝트' 실시 계획을 수립하고 거래내역 분석을 통한 가망고객의 발굴과 상품선호도 예측  등을 내용으로 하는 '2016 빅데이터 시범사업'을 진행했다. 올해 초 빅데이터전략단을 신설하는 등 빅데이터 분야 역량 강화에 집중해왔다.이번 프로젝트는 산재해 있던 전행 데이터의 수집·적재·분석·활용이 가능한 시스템 및 프로세스를 구축하는 사업이다.이를 통해 개인별 거래 및 소비패턴과 주요 이용채널 현황을 종합적으로 파악해 맞춤형 상품을 제안하고, 보다 나은 상담서비스의 제공도 가능해질 것으로 기대된다.또 빅데이터 분석 자료를 농업과 연계해 활용 방안을 연구하고 범농협 시너지 강화는 물론 농협은행 핀테크 기술의 차별화를 이뤄나갈 계획이다.이창현 마케팅부문 부행장은 ""농협은행은 빅데이터 분석 플랫폼의 성공적인 구축을 통해 차별화된 금융서비스를 제공하고, 대면·비대면 통합마케팅 및 미래예측 기반 의사결정 역량을 강화해 4차 산업혁명시대를 선도해 나갈 것""이라고 말했다.▶ [HOT]당신의 10분 몸 만들기...황현정기자의 쭉쭉빵빵▶ [HOT]세무·회계 실무, 맞춤형 교육 '조세일보 재무교육원'..박지환(pjh@joseilbo.com)저작권자 ⓒ 조세일보(http://www.joseilbo.com). 무단전재 및 재배포 금지",http://www.joseilbo.com/news/news_read.php?uid=329434&class=51&grp=
news,2017-07-05 10:20:00,조세일보,"NH농협은행, 핀테크기업 투자 돕는 '핀테크 피칭데이' 개최","◆…이창기 농협은행 핀테크사업부장이 4일 NH핀테크 혁신센터에서 열린 '제1회 핀테크 피칭데이에서 농협캐피탈, VC, 스타트업 관계자들과 함께 기념촬영을 하고 있다.  NH농협은행은 4일 NH농협캐피탈 벤처캐피탈 등과 함께 서울시 중구 NH핀테크 혁신센터에서 '제1회 핀테크 피칭데이'를 열었다고 5일 밝혔다.피칭데이는 창업가들이 투자유치, 판매 등을 목적으로 투자사 앞에서 프로젝트를 공개하고 설명하는 일종의 투자설명회다. 농협은행은 우수한 아이디어와 서비스를 가진 핀테크기업들의 투자 유치와 서비스 개선을 위해 투자사와의 네트워킹 기회를 마련했다.이날 행사에는 NH핀테크 혁신센터의 멘토링기업인 △미드레이트(P2P금융) △머니택(해외송금) △유캔스타트(크라우드펀딩) △코코아(회계관리) △챗링크(채팅커머스) 등 5개사가 참여했다.투자사로는 NH농협캐피탈과 국내 벤처캐피탈을 대표하는 네오플럭스, LB인베스트먼트, 디티앤인베스트먼트, 데일리벤처투자 등이 참여해 농협은행 멘토링기업에 높은 관심을 보였다.소성모 농협은행 디지털뱅킹본부 부행장은 ""NH핀테크 혁신센터를 통해 스타트업 멘토링과 컨설팅, 금융API 제공 등 핀테크산업 육성에 아낌없이 지원하고 있다""며 ""앞으로도 핀테크 스타트업들의 실질적인 성장을 위해 노력하겠다""고 말했다. ▶ [HOT]당신의 10분 몸 만들기...황현정기자의 쭉쭉빵빵▶ [HOT]세무·회계 실무, 맞춤형 교육 '조세일보 재무교육원'..박지환(pjh@joseilbo.com)저작권자 ⓒ 조세일보(http://www.joseilbo.com). 무단전재 및 재배포 금지",http://www.joseilbo.com/news/news_read.php?uid=329343&class=51&grp=
news,2017-07-04 11:20:00,조세일보,"BNK부산銀, 핀테크 인턴 6명 선발","BNK금융그룹 부산은행이 디지털 금융 인재 발굴 육성을 위해 지난 6월 모집한 '2017 BNK핀턴쉽 프로그램' 최종합격자 6명을 선발했다고 4일 밝혔다.'핀턴쉽'은 핀테크(Fintech)와 인턴쉽(Internship)의 합성어로 핀테크 신사업 발굴 및 기획, 컨설팅 등의 업무를 수행하는 인턴 직원이며 핀테크 분야에 특화된 인턴 직원을 채용한 사례는 금융권에서는 부산은행이 처음이다.최종 합격한 6명의 '핀턴'은 본격적인 근무에 앞서 7월 한 달간 부산은행 모바일 은행인 '썸뱅크'와 부산은행 영업점(셀프뱅크 및 스마트스퀘어 포함)에서 직접 실무를 경험하고 본점 디지털 금융 부서에서 체계적인 교육을 받게 된다.이후 4달 동안 부산은행 디지털 금융 전략에 대한 컨설팅 업무와 핀테크 신사업 기획 및 관련 개별 미션 등 다양한 업무를 수행하게 된다.부산은행은 핀턴쉽 참여자들에게 매월 일정 급여와 함께 활동 후 장학금 지원(근무평점 순) 및 내년도 부산은행 공채 지원 시 가산점도 부여받을 수 있다. 본인이 기획한 핀테크 사업 모델을 바탕으로 핀테크 창업지원, 공동사업 추진 등도 가능하다.BNK부산은행 빈대인 은행장 직무대행은 “금융권에서 처음으로 시행되는 핀턴쉽 프로그램이 핀테크 산업 활성화와 부산은행 신성장 동력 발굴 및 관련 인재 양성 등에 많은 도움이 되길 기대한다”라고 전했다.▶ [HOT]당신의 10분 몸 만들기...황현정기자의 쭉쭉빵빵▶ [HOT]세무·회계 실무, 맞춤형 교육 '조세일보 재무교육원'..임순택(kookje@joseilbo.com)저작권자 ⓒ 조세일보(http://www.joseilbo.com). 무단전재 및 재배포 금지",http://www.joseilbo.com/news/news_read.php?uid=329237&class=17&grp=
news,2017-07-04 03:49:00,조세일보,"블록체인·물류·AI플랫폼...삼성SDS, 국내외 공략 '구슬땀'","삼성SDS(대표 정유성)가 최근 유럽 최대 핀테크 행사에서 블록체인 사업 발표에 나서는가하면 인도네시아 물류BPOTLWKD 공략을 가속화하고 AI(인공지능)기반 분석플랫폼을 선보이는 등 국내외 시장 공략에 구슬땀을 흘리고 있다.삼성SDS에서 전해온 관련 소식을 소개한다.유럽 최대 핀테크 행사에서 블록체인 사업 발표◆…홍원표 사장이 'Money 20/20 Europe'에서 기조연설을 하고 있다...삼성SDS 제공먼저 삼성SDS는 지난달 유럽 최대 글로벌 핀테크 콘퍼런스 'Money 20/20 Europe'행사에서 자사의 블록체인 기술 소개 및 미래 사업 비전을 제시했다.지난달 27일(현지 시간) 삼성SDS 홍원표 사장(솔루션사업부문장)은 이번 행사에 기조 연설자로 나서 '블록체인의 상용화, 디지털 금융을 넘어'라는 주제로 삼성SDS의 블록체인 플랫폼인 NexledgerTM(넥스레저)를 소개하고 스마트계약의 일종인 보험청구와 지불자동화, 디지털 물류 등 블록체인의 확산 모델을 제시했다. 영국 바클레이즈, 스페인 BBVA은행 CEO 등과 함께 기조 연설자로 나선 홍 사장은 NexledgerTM (넥스레저)를 기반으로 디지털신분증 및 지급결제서비스 등을 개발한 역량과 전자문서원본확인, FIDO(Fast IDentity Online) 생체인증 보안강화 및 제휴사 자동로그인 등에 적용하여 상용화한 사례를 참석자들에게 소개해 큰 관심을 이끌어 냈다.   홍원표 사장은“블록체인에 대한 관심이 집중된 세계적인 행사에서 삼성SDS의 기술력을 알릴 기회를 갖게 되어 기쁘다”며 “글로벌 시장에서도 블록체인의 상용화가 초기 단계인 만큼 삼성SDS의 경쟁력을 기반으로 시장을 선도해 가겠다”고 포부를 밝혔다.AI기반 분석플랫폼 'Brightics AI' 공개이에 앞서 지난달 21일에는 인공지능(AI)기반 분석플랫폼 'Brightics AI'를 공개하며 기업용(B2B) 시장 공략 강화에 나설 것임을 밝히기도 했다.  이날 삼성SDS 윤심 전무(연구소장)는 잠실 삼성SDS 타워에서 열린 미디어 설명회에서 다양한 대용량 데이터를 AI 기술을 활용해 쉽고, 똑똑하고, 빠르게 분석하는 기업向 통합분석 플랫폼 'Brightics AI'를 공개했다. ◆…AI기반 분석플랫폼 미디어 설명회에서 윤심 전무(연구소장)가 Brightics AI에 대해 소개하고 있다...삼성SDS 제공통상 최소 2명 이상의 전문가가 최대 3개월간 분석모델을 만들어 빅데이터를 분석해야 하지만 'Brightics AI'는 최적의 알고리즘 자동추천 기능으로 일반 현업 사용자도 2시간내로 분석작업을 쉽게 수행할 수 있다는 것이 삼성SDS 측 설명이다.  특히 'Brightics AI'는 또한 제조·마케팅·물류 등 업종별 다양한 AI분석 모델을 기반으로 해결책까지 제시하는 처방(Prescriptive)형 알고리즘을 갖춘 세계 최초의 스마트(똑똑한)한 기업向 플랫폼이라는 것.  더욱이 강화학습 창시자인 캐나다 알버타大의 리차드 서튼 교수는 강화학습 알고리즘을 확장성 있게 제공하는 삼성SDS의 처방형 알고리즘을 적용한 플랫폼기술을 세계 최고 수준이라고 극찬하기도 했다고 강조했다. 특히 수억 건의 데이터를 수집, 분석, 시각화하기까지 일반적으로 3시간 이상이 걸리던 과정을 'Brightics AI'를 활용하면 20배 단축한 10분 이내에 처리가 가능하다는 설명이다. 삼성SDS는 그 동안 'Brightics AI'를 제조·마케팅·물류· 보안·IoT·헬스 분야 등 70여개 업종에 적용한 바 있으며, 앞으로 서비스, 금융 등의 분야로 까지 확대할 계획이다.게다가 'Brightics AI'는 고객 적용사례로 2년 연속 기술혁신분야 세계 최고 권위상인 CIO 100 어워즈에 선정됐고, 초보 분석가도 쉽고 빠르게 데이터 분석을 할 수 있는 사용자 경험을 제공함으로써 지난 5월 세계 3대 디자인상의 하나인 美 IDEA상을 수상했다고 전했다.  한편, Brightics는 Bright와 Analytics의 합성어로 데이터에서 Bright한 Insight를 Analytics를 통해서 얻어내겠다는 삼성SDS의 의지를 나타낸다.인도네시아 물류BPO 등 해외시장 공략 가속이뿐만이 아니다. 삼성SDS는 인도네시아 코린도(Korindo)그룹과 글로벌 통합물류 운영에서 전략적 협약식을 체결하며 글로벌 물류BPO사업 공략에도 속도를 내고 있다.  코린도 그룹은 인도네시아에 진출한 대표적인 한국인 투자 기업으로 자원 및 제지사업을 비롯, 중공업, 물류, 화학 등 30여개 계열사를 보유한 종합 개발회사이다. 삼성SDS는 이번 전략적 협약을 통해 해외 현지 물류실행력을 보완하고 대외 매출을 확대할 계획이며 코린도 그룹은 삼성SDS의 물류플랫폼인 첼로(Cello) 기반의 물류 고도화를 추진해 국제운송 경쟁력을 확보한다는 복안이다.  이에 양사는 물류부문에서 사업 협력모델을 만들고 향후 합작회사(Joint Venture)로 발전시킬 계획이다.  삼성SDS 김형태 SL사업부장(부사장)은 “해외 현지 물류 실행력을 더욱 강화하고 대외고객을 확보하는 계기가 될 것”이라며 “지속성장을 위해 대외사업을 적극 추진할 계획”이라고 말했다. 삼성SDS는 앞서 인도네시아 아딧야(Aditya)社와 5년간 1500억원 규모(연 300억원)의 물류 BPO사업 계약을 체결한 바 있으며, 지난해 태국 통관전문 물류기업인 아큐텍社, 베트남 항공화물 터미널 업체 알스(ALS)社와 합작회사 설립을, 또 지난 5월에는 중국 Kerry社와도 JV설립에 합의함으로써 글로벌시장 확대를 지속 추진하고 있다. ▶ [HOT]당신의 10분 몸 만들기...황현정기자의 쭉쭉빵빵▶ [HOT]세무·회계 실무, 맞춤형 교육 '조세일보 재무교육원'..민경종(kj-min@joseilbo.com)저작권자 ⓒ 조세일보(http://www.joseilbo.com). 무단전재 및 재배포 금지",http://www.joseilbo.com/news/news_read.php?uid=329293&class=17&grp=
news,2017-06-30 10:00:00,조세일보,"KB금융, 핀테크 스타트업 해빗팩토리에 1억5000만원 투자","KB금융은 30일 핀테크 스타트업 해빗팩토리에 1억 5000만원을 투자했다고 밝혔다.이번 투자는 KB금융 계열사 중 벤처투자를 전문으로 하는 KB인베스트먼트에서 Seed 투자의 형태로 진행됐다.해빗팩토리는 금융사의 SMS와 푸쉬 메시지에 담긴 고객의 금융 데이터를 분석해 맞춤형 금융상품을 추천하는 통합 자산관리솔루션을 보유한 업체이다.앞서 KB증권은 해빗팩토리와 업무 제휴를 통해 소비패턴 분석 기반 생활자금관리 서비스 앱인 '스마트코치(Smart Coach)'를 출시했다.또 지난해 7월 KB금융의 핀테크 육성을 담당하고 있는 KB 이노베이션HUB는 해빗팩토리의 기술이 카드, 은행 등 계열사에 확대 적용될 수 있을 것으로 보고 KB 스타터스(KB금융그룹이 육성하는 핀테크 기업) 14호 업체로 지정해 맞춤형 지원을 시작했다.그 성과로 해빗팩토리는 작년 11월 KB국민카드의 통합멤버십 플랫폼 Liiv-mate에 신용카드 소비패턴 분석 솔루션을 제공했다. 이달 말에는 KB금융그룹의 글로벌 디지털 뱅크 KB Liiv 캄보디아에 통신비 잔액 관리 솔루션을 개발해 제공할 예정이다. KB금융 관계자는 ""금융기관의 제휴와 투자는 핀테크 스타트업에게 가장 실질적인 도약의 계기를 제공한다""며 ""KB금융은 특화된 기술과 참신한 아이디어를 보유한 스타트업과 함께 성장하며 고객이 원하는 금융의 모습을 빠르게 구현해 내겠다""고 말했다. KB금융은 지난 2년간 핀테크 스타트업에 대해 총 48억을 투자했다. 아울러 우수한 기술을 보유한 핀테크 기업과의 제휴를 강화하기 위해 전략적 투자 규모를 지속적으로 늘려갈 계획이다. ▶ [HOT]당신의 10분 몸 만들기...황현정기자의 쭉쭉빵빵▶ [HOT]세무·회계 실무, 맞춤형 교육 '조세일보 재무교육원'..박지환(pjh@joseilbo.com)저작권자 ⓒ 조세일보(http://www.joseilbo.com). 무단전재 및 재배포 금지",http://www.joseilbo.com/news/news_read.php?uid=328913&class=51&grp=
news,2017-06-28 06:44:00,조세일보,"""4차 산업혁명이 보험수요 증진시킬 것""","◆…생명보험협회와 보험연구원은 28일 상공회의소에서 '4차 산업혁명과 인슈어테크 활용' 국제세미나를 열었다. 사진=생명보험협회 제공.생명보험협회와 보험연구원은 28일 서울 중구 대한상공회의소에서 '4차 산업혁명과 인슈어테크 활용' 국제세미나를 열었다.이수창 생명보험협회장은 개회사에서 ""보험산업은 다양한 데이터와 통계, 확률을 시스템화한 산업으로 4차산업 혁명의 한 축인 빅데이터 산업의 원조""라며 ""오늘 세미나가 위기상황에서 보험업계가 미래 성장을 도모하는 새 돌파구가 되면 좋겠다""고 말했다.인슈어테크는 보험(insurance)과 정보기술(IT)의 합성어로 정보기술을 활용해 제공하는 보험 서비스를 의미한다. 이날 세미나에서는 국내 보험산업의 4차 산업 대비 현황, 해외 보험사의 사물인터넷과 블록체인 등 4차 기술 활용 사례, AI(인공지능)를 활용한 보험금 지급산정 등 4차 산업혁명이 보험산업에 미치는 영향들이 논의됐다.황인창 보험연구원 연구위원은 ""4차 산업혁명 기술이 보험수요를 증진시킬 수 있다""고 주장했다. 황 연구위원은 ""지불능력을 예측하고 정보비대칭성을 감소시키는 등 빅데이터와 AI를 활용한 지능정보기술로 보험시장의 비효율성으로 인한 보장격차를 완화시킨다""며 ""이를 통해 각 소비자에게 적합한 개별화된 상품을 보다 저렴한 가격에 제공할 수 있게 된다""는 긍정적 전망을 내놓았다. 그는 ""국내 보험업계는 비용 대비 수익이 불확실하다고 여겨 대응이 미진하다""고 지적하고 ""정책, 경영 측면에서 불확실성을 해소하고 사이버 리스크 등 4차 산업혁명 시대에 새롭게 발생할 리스크에 선제 대응하는 것이 중요하다""고 말했다. 박소정 서울대 교수는 보험사가 다양한 분야에서 사물인터넷을 사용한 사례들을 소개했다. 가입자의 웨어러블기기로 운동량을 측정해 건강보험료에 인센티브를 주는 미국의 존 핸콕사나 현재 국내에서도 도입중인 운전습관 연계 보험을 대표 사례로 소개했다. 박 교수는 사물인터넷 및 웨어러블 기기의 보급으로 위험을 미리 줄이는 것이 가능해져 보험의 개념이 사후 보상에서 선제 관리로 바뀔 수 있다고 예견했다.후쿠쿠생명의 하타 타카시 보험금부장은 자사의 지급심사 업무에 IBM의 인공지능 왓슨 익스플로러를 도입한 경험을 소개했다. 인간은 복잡한 판단이 가능하지만 누락 등의 실수가 있고 왓슨 익스플로러는 실수는 없지만 단순한 판단만 가능하므로 사람과 인공지능 기술이 함께 업무를 진행할 때 효율성과 정확성이 향상되었다고 밝혔다.RGA재보험의 조르지오 모시스 혁신 임원은 국내외 보험사에서 블록체인 기술을 보험산업에 적용하기 위해 시도 중인 사례들을 설명했다. 국내 사례로는 교보생명의 블록체인 기반 보험금 자동지급서비스가 소개됐다. B3i는 블록체인을 보험업에 활용하기 위해 국제 보험사들이 2016년 10월에 결성한 이니셔티브다.한화생명의 황승준 미래전략실장은 리스크, 고객 모집, 인재발굴, 언더라이팅 등 여러 분야에서 한화생명이 보험 관련 빅데이터를 어떻게 업무에 사용중인지 소개하는 시간을 가졌다.주제발표가 끝난 후에는 김대식 한양대학교 교수, 김석영 보험연구원 금융정책실장, 손주형 금융위원회 금융서비스국 보험과 과장과 당일 발제자들이 패널로 참가한 종합토론이 진행됐다.◆…생명보험협회가 연 국제세미나에 참석한 주요 인사들.  사진=생명보험협회 제공.▶ [HOT]당신의 10분 몸 만들기...황현정기자의 쭉쭉빵빵▶ [HOT]세무·회계 실무, 맞춤형 교육 '조세일보 재무교육원'..김연지(yjkim@joseilbo.com)저작권자 ⓒ 조세일보(http://www.joseilbo.com). 무단전재 및 재배포 금지",http://www.joseilbo.com/news/news_read.php?uid=328751&class=52&grp=
news,2017-06-21 09:36:00,조세일보,"NH농협은행, 핀테크 기업과 농촌 일손돕기","◆…NH농협은행 핀테크사업부 직원들과 핀테크기업 임직원들이 화성시 송산면 고포2리마을에서 농촌 일손돕기 후 기념촬영을 하고 있다. 사진 농협은행 제공.  NH농협은행은 20일 경기도 화성시 포도농장을 찾아 핀테크 기업 임직원들과 함께 농촌 일손돕기를 진행했다고 21일 밝혔다.이날 일손돕기는 한국P2P협회 회장사인 미드레이트와 크라우드 펀딩 선도자 유캔스타트, 농산물 생산자와 소비자를 이어주는 팜토리 등 'NH핀테크 혁신센터'의 멘토링기업 임직원들이 함께 했다.김태웅 유캔스타트 대표는 ""농업인들이 겪고 있는 가뭄 등의 어려움은 국민 모두가 나눠야 할 것이라는 생각에 일손돕기에 참여했다""고 말했다.이창기 농협은행 핀테크사업부장은 ""범농협차원의 일손돕기에 핀테크기업에서 참여해줘 감사하다""며 ""'NH핀테크 오픈플랫폼' 등으로 핀테크기업과 동반성장중이며 앞으로도 지원을 아끼지 않겠다""고 밝혔다.▶ [HOT]당신의 10분 몸 만들기...황현정기자의 쭉쭉빵빵▶ [HOT]세무·회계 실무, 맞춤형 교육 '조세일보 재무교육원'..박지환(pjh@joseilbo.com)저작권자 ⓒ 조세일보(http://www.joseilbo.com). 무단전재 및 재배포 금지",http://www.joseilbo.com/news/news_read.php?uid=327936&class=51&grp=
news,2017-06-20 06:40:00,조세일보,"하나금융, 핀테크 중심시대 열 데이터센터 준공","◆…20일 오후 인천 청라국제도시에서 열린 하나금융그룹 통합데이터센터 준공식에서 김정태 하나금융그룹 회장(사진 왼쪽 여섯번째), 송영길 국회의원(사진 왼쪽에서 다섯번째) 등 준공식에 참석한 이들이 테이프 커팅식을 하고 있다.=하나금융그룹 제공하나금융그룹은 20일 인천 청라국제도시에서 하나금융타운 1단계 조성 사업인 그룹 통합데이터센터 준공식을 개최했다고 밝혔다.국내 금융권 최초로 시도되는 통합데이터센터는 기존 은행, 증권, 카드, 보험, 캐피탈 등 13개 관계사별로 분산되어 관리해 오던 IT 인프라와 인력을 집중화함으로써 시너지를 극대화한다.이를 통해 △비용절감 △유연하고도 효율적인 데이터의 관리 및 활용 △그룹 내 IT인력 간 교류 활성화 △글로벌, 모바일, 핀테크, 보안 분야의 핵심 신기술 추진 등으로 더욱 유용하고 편리한 서비스 제공이 가능해질 전망이다.청라국제도시에 조성 중인 하나금융타운은 1단계 사업으로 통합데이터센터를 2015년 6월에 착공한 이후 2년 만에 완공했다. 지난달에는 통합데이터센터 바로 맞은 편에 2단계 사업인 '하나글로벌인재개발원'을 착공했다.김정태 하나금융그룹 회장은 준공식에서 ""4차 산업혁명 시대에 IT는 모든 산업의 중심에 있다""며 ""지난 4월에 설립한 인도네시아 현지 IT 법인 설립과 이번 그룹 통합데이터센터 구축을 계기로 핀테크가 중심이 되는 글로벌 진출의 발판을 만들어 나갈 것""이라고 말했다.▶ [HOT]당신의 10분 몸 만들기...황현정기자의 쭉쭉빵빵▶ [HOT]세무·회계 실무, 맞춤형 교육 '조세일보 재무교육원'..박지환(pjh@joseilbo.com)저작권자 ⓒ 조세일보(http://www.joseilbo.com). 무단전재 및 재배포 금지",http://www.joseilbo.com/news/news_read.php?uid=327914&class=51&grp=
news,2017-06-16 03:56:00,미디어오늘(과거),규제완화론자 ‘먹잇감’ 돼버린 국회 미래일자리특위,"발의채택 법안 절반이 한 민간 전문가 아이디어, “일자리 창출 아닌 산업계 규제완화 로비 수단 악용될 우려” 지적도[미디어오늘 금준경 기자]국회 미래일자리특별위원회(위원장 정동영)가 발의를 채택한 법안 50%가 한 사람의 아이디어인 것으로 나타났다. 특위 설치목적과 달리 일자리 창출보다는 규제완화를 요구하는 일방적인 입장을 수용했다는 비판이 나온다. 미래일자리특위는 지난해 4월 안철수 전 국민의당 대표의 제안으로 만든 특별위원회다. 일자리 창출을 위한 법안에 대한 아이디어를 각계각층의 전문가들로부터 청취한 후 법안으로 만드는 일을 한다. 문제는 일자리와 직접적인 관련이 없는 법안이 많은 데다 규제완화 입장을 가진 전문가가 제안한 아이디어 채택 비율이 지나치게 높았다는 점이다. 미디어오늘이 입수한 자료에 따르면 미래일자리특위는 지난 13일 논의 대상 27개 검토법안 중 12개 법안의 발의를 채택했는데, 이 중 6개 법안의 ‘아이디어 제안자’가 구태언 테크앤로법률사무소 대표 변호사다. ▲ 미래일자리특별위원회가 발의를 채택한 법안. 아이디어 제안자는 대외적으로 공표되지 않았다. 구태언 변호사의 법안은 △신용카드 활용 핀테크 서비스 도입을 위한 신용카드 결제범위 확대 △신용카드 모집인업무 관련 일사 전속주의 규제 폐지 △신용카드 터치 본인확인서비스 이중규제 개선 △금융사기 가해자의 계좌정보를 은행에 제공할 수 있는 근거 마련 △지방자치단체의 실정에 따라 자율주행차 허용범위확대 △내국인을 대상으로 하는 도시민박업 허용 등이다. 구태언 변호사는 개인정보 규제 완화를 주장해온 전문가로 박근혜 정부 추천 개인정보보호위원으로 활동하고 있다. 과거 CPO포럼 부회장, 한국인터넷기업협회 고문을 지내기도 했다. CPO포럼은 기업, 유관기관, 학계 등이 모여 개인정보보호 관련 정책수립을 위한 의견 전달 역할을 하고 있으며 SK, KT, KB국민카드, 현대자동차, 김앤장 법률사무소 등이 회원사로 속해 있다. 구태언 변호사가 아이디어를 낸 것 중 ‘금융사기 가해자의 계좌정보를 은행에 제공할 수 있는 근거 마련’ 법안은 담당부처인 개인정보보호위원회에서 “사실관계가 명확히 확인되지 않은 경우 선량한 피해자가 나올 수 있다”며 ‘신중검토’ 의견을 낸 것으로 확인됐지만 미래일자리특위는 발의를 결정했다. 개인정보 규제완화 입장을 지지해온 또 다른 전문가인 이광형 카이스트 문술미래전략대학원장이 아이디어를 낸 법안도 2건 채택됐다. 미채택 법안 15건 중 3건이 이광형 원장의 아이디어인 것으로 나타나기도 했는데 개인정보 범위 축소, 개인정보 사전규제방식을 사후규제로 전환, 개인정보법 위반에 따른 형사처벌 축소 등의 내용으로 개인정보보호 체계의 근간을 흔든다는 지적을 받았으며 담당 부처 역시 부정적인 의견을 냈다. 문제는 미채택법안은 ‘파기’ 결정된 게 아니라 ‘보류법안’으로 분류돼 다시 발의가 추진될 수 있다는 점이다. 반면 아이디어 제안자 중 노동계 전문가로 김성혁 금속노조 노동연구원장이 △납품단가 연동제 △지주회사에 대해 자회사만 인정하고 손자회사 금지 △법정 근로시간 35시간 도입 법안을 제안했으나 모두 ‘미채택’됐다. ▲ 일러스트= 권범철 만평작가. 미래일자리특위 관계자는 “산업분야별, 단체별로 개선사항을 취합해 논의했고 이견이 없는 법안은 우선 채택했다”면서 “(채택된) 모든 법안이 바로 발의되는 건 아니고, 해당 상임위에 발의를 건의하거나 특위 소속 의원들이 발의하는 방식이 될 것”이라고 말했다. 이처럼 규제완화 입장을 가진 전문가들의 요구가 대거 수용되자 시민사회단체는 황당하다는 반응이다. 김보라미 경제정의실천시민연합 소비자정의센터 고문 변호사는 “미래일자리특위라고 이름을 지어놓고선 일자리와 무관한 법안들을 채택했다. 반대의견을 내는 단체의 의견 역시 수렴하지 않고 공개적인 논의절차도 없었던 것으로 보인다”면서 “결과적으로 금융사 등 특정 기업의 합법적 ‘로비창구’로 악용될 수 있다”고 지적했다.금준경 기자[미디어오늘 바로가기] [미디어오늘 페이스북]미디어오늘을 지지·격려하는 [가장 확실한 방법]<저작권자 ⓒ 미디어오늘(http://www.mediatoday.co.kr) 무단전재 및 재배포 금지>",http://www.mediatoday.co.kr/?mod=news&act=articleView&idxno=137415
news,2017-06-13 12:28:00,조세일보,"KT, 신용/멤버십카드 등 21개 서비스를 '클립 카드' 하나로","◆…사진제공:KTKT가 13일 기자간담회를 통해 신용·체크카드, 멤버십카드, 교통카드를 하나의 카드로 사용할 수 있는 'CLiP CARD(클립 카드)'를 13일 출시했다.CLiP CARD는 인증과 모바일 전자지갑 클립(CLiP), 휴대폰 결제 등으로 축적한 금융서비스 노하우와 빅데이터 및 AI 등 ICT를 접목할 수 있는 KT의 핵심 금융거래 플랫폼으로 오프라인 실물 카드 결제 이용, 간편 결제의 보조결제 수단 인지, 핀테크 시장 활성화, 모바일 전자지갑 CLIP과의 시너지를 고려해 출시했다. 기존 신용카드와 동일한 크기에 신용·체크카드 10개, 멤버십카드 10개, 선불형 교통카드 1개를 포함 21개의 결제 수단을 하나의 카드에 담을 수 있으며 네트워크나 스마트폰 앱 구동, 특정 제조사의 단말 또는 OS(운영체제), 통신사에 관계없이 결제가 가능하다. 또한 1.3인치 디스플레이를 통해 사용자가 등록한 교통카드 잔액, 멤버십 바코드 번호, 결제할 카드의 종류를 한눈에 확인할 수 있고 배터리 1번 충전으로 3~4주간 사용할 수 있는 등 기존의 신용카드처럼 익숙하다. 스마트폰 보유자 누구나 사용할 수 있고 사용법은 모바일 전자지갑 CLiP 다운 후 사용자가 원하는 신용/체크/멤버십 카드를 등록, 블루투스를 통해 연결해 CLiP앱에 등록된 카드를 다운받으면 된다. 등록 가능한 카드사는 비씨카드, 롯데카드, 하나카드 등 3개사에 불과하지만 연내 국내 모든 카드사까지 확대할 계획이다. 단 교통카드는 별도의 등록절차 없이 바로 현금을 충전해 사용할 수 있다.권장 소비자가격은 10만8000원(VAT 포함)이며 제휴 카드사와 선보이는 신규 상품 신청 시 함께 구매할 수 있다. CLiP앱에서 하나카드 CLiP Top10 카드 신청 후 사용등록을 하면 카드가 발송된다.한편 출시를 기념한 페이스 북 이벤트 '서비스 이름 맞추기'를 진행한다. 이밖에도 저렴하게 구매할 수 있는 얼리버드 할인, 스타일 완성하기 등 다양한 이벤트를 진행한다.▶ [HOT]당신의 10분 몸 만들기...황현정기자의 쭉쭉빵빵▶ [HOT]세무·회계 실무, 맞춤형 교육 '조세일보 재무교육원'..백성원(peacetech@joseilbo.com)저작권자 ⓒ 조세일보(http://www.joseilbo.com). 무단전재 및 재배포 금지",http://www.joseilbo.com/news/news_read.php?uid=327224&class=78&grp=
news,2017-06-08 02:42:00,조세일보,"SI업계 빅3, 각양각색 블록체인 시장 공략법 '눈길'","국내 ICT시장을 이끌고 있는 SI업계 빅 3인 삼성SDS와 LG CNS, SK(주) C&C가 4차 산업혁명의 핵심기술로 떠오르고 있는 '블록체인' 시장 선점을 위해 미세한 차이의 각기 다른 공략법을 펼치고 있어 눈길을 끌고 있다. ICT업계에 따르면 블록체인(Blockchain)은 분산 원장, 공유 원장 기술 등 여러 이름으로 불리우며, 향후 글로벌 사회·문화·경제 체계를 변화시킬 혁신 미래 기술로 부각되고 있다. 특히 인공지능(AI), 자율주행, 사물인터넷(loT)보다도 우리 일상에 더 큰 변화를 가져올 수 있다고 전망되고 심지어 제2의 인터넷이라고도 불리는 기술이라는 것. 특히 지난해 세계경제포럼(WEF)에서는 올해까지 전세계 은행의 80%가 블록체인기술을 도입할 것으로 전망했고, ICT전문가들 역시 이 기술이 향후 세계 경제 변화를 주도할 것으로 예상하고 있어 이 시장의 선점을 위한 각축전이 활발해 질 전망이다. 이러한 가운데 국내 ICT업계를 이끌고 있는 삼성SDS와 LG CNS, SK(주) C&C가 관련 사업의 현재 진행 상황을 전해와 업계의 관심이 쏠리고 있다.삼성SDS, 産·政·硏 참여, 해운물류 블록체인 컨소시엄 발족◆…출처 : 삼성SDS삼성SDS는 지난달 31일 삼성SDS 판교캠퍼스에서 국내 물류 및 IT서비스 업체, 정부 및 국책 연구기관 등과 함께 물류 산업 발전을 위한 '해운물류 블록체인 컨소시엄'을 발족했다고 밝혔다.이번 컨소시엄에는 관세청, 해양수산부, 한국해양수산개발원, 부산항만공사, 현대상선, 고려해운, SM상선, 장금상선, 남성해운, 케이씨넷, 케이엘넷, KTNET, 싸이버로지텍, 한국IBM, 삼성SDS 등이 참여했다.이날 컨소시엄 참여사들은 최근 각광을 받고 있는 블록체인 기술을 이번 시범 사업을 통해 물류에 적용하기로 결정했다. 이달 중 착수하여 올해 말까지 실제 수출입 물동을 대상으로 블록체인을 해운 물류 프로세스 전반에 적용하기로 합의했다.  또한 참여사들은 물류 블록체인 적용과 관련하여 기술적인 이슈는 물론 법·제도까지 함께 연구하고 협력하기로 했다.블록체인이 물류에 적용되면 데이터 위·변조가 불가능한 블록체인의 특성으로 제품 생산에서부터 최종 소비자까지의 생산, 가공, 보관, 운송 이력이 투명하게 관리됨으로 유통과정에서의 원산지 조작, 제조 및 유통기간 변경, 허위광고가 불가능해질 전망이다.  아울러 IoT 정보를 블록체인에 등록하여 실시간으로 화물 위치 정보를 공유함으로써 물류의 가시성을 더욱 높일 수 있다. 또 물류 관계자들 입장에서는 종이문서 없이 실시간으로 관련 정보를 공유 받을 수 있어 비용절감은 물론 업무 속도를 크게 향상시킬 수 있게 된다.컨소시엄에 참가한 삼성SDS 김형태 SL사업부장(부사장)은 “자사 블록체인 플랫폼을 컨소시엄 참여 업체 및 기관에게 제공하고 블록체인 기술 컨설팅을 수행하게 된다”며 “이번 컨소시엄이 국내 물류 산업발전에 도움이 되도록 노력하겠다”고 말했다.이외에도 삼성SDS는 지난달 22일부터 24일까지 미국 뉴욕에서 열린 기업형 글로벌 블록체인 얼라이언스 EEA(Enterprise Ethereum Alliance)의 'Consensus 2017 Blockchain Summit' 행사에 한국 기업 최초의 회원사로 참여한다고 발표하기도 했다. EEA는 마이크로소프트, 인텔, JP모건, ING 등 30여 개 글로벌 기업들이 블록체인의 핵심 프로토콜인 이더리움(Ethereum) 기술을 기반으로 기업형 블록체인 솔루션을 공동개발하기 위해 출범한 글로벌 단체다.EEA는 삼성SDS가 기업형 블록체인 플랫폼인 Nexledger TM을 기반으로 디지털신분증 및 지급결제서비스 등을 개발한 역량과 삼성카드의 디지털지급서비스 등에 적용해 실제 운영하고 있는 사례 등을 높이 평가해 회원사로 선정했다고 밝히기도 했다.SK㈜ C&C, 블록체인 기반 해상·육상 운송 업무 혁신 나서SK㈜ C&C(사업대표 안정옥)도 국내외 선사들을 위한 '블록체인 물류 서비스' 개발을 완료하고 금융에만 편중됐던 블록체인을 물류로의 확장에 나서고 있다. SK㈜ C&C의 '블록체인 물류 서비스'는 물류 데이터를 중앙 집중형 서버에 기록·보관하는 기존 방식과 달리, 선주·육상 운송업자·화주 등 물류 관계자 모두가 개인간(P2P) 네트워크로 물류 정보를 전달받아 공유·관리하는 방식이다이번에 개발된 '블록체인 물류 서비스'는 국내 육상에서는 SK텔레콤의 사물인터넷(IoT) 전용망인 로라(LoRa)망을 활용, 컨테이너 화물 위치 추적 및 관리 체제를 구현하고, 해상에서는 해상 운송중 정보를 수집했다가 항구 도착 시 정보를 일괄 공유하는 방식으로 진행된다.이 서비스의 가장 큰 특징은 물류 사물인터넷(IoT) 기술과 블록체인 기술을 연계해 원천 데이터의 신뢰성 확보와 화물의 위치와 상태에 대한 투명한 관리를 가능케 한다는 점이라는 것이 SK측 설명이다.이로써 컨테이너 화물의 위치 정보는 물론 컨테이너의 온도·습도의 관리 정보가 자동으로 수집되고 물류 관계자 모두에게 실시간으로 공유되며, 이를 통해 행상이든 육상이든 화물 내용과 상태를 확인하고 새롭게 등록할 필요 없이 데이터의 내용이 그대로 유지돼 물류 업무 효율화에 따른 운송 시간 단축과 비용 절감 효과를 거둘 수 있게 된다는 것. 이를 위해 SK㈜ C&C는 선하증권(B/L), 신용장(L/C)과 같은 각종 거래원장을 블록체인에 등록하여, 원본임을 보장하고 안전하게 유통할 수 있는 구조를 개발하였고, 한국발~상해착 컨테이너 화물을 대상으로 '블록체인 물류 서비스'의 시범 적용 테스트까지 마쳤다.SK㈜ C&C 오세현 DT사업개발부문장은 “우리의 블록체인 물류 서비스는 SK의 사물인터넷과 첨단 물류 기술, 공급망 관리 시스템 역량을 기반으로 개발됐다”며 “글로벌 물류 시장의 이해관계자들을 블록체인으로 묶음으로써, 해운사들의 국제 경쟁력을 높이는 블록체인 기반 e-물류 네트워크가 구축될 수 있도록 노력하겠다”고 말했다. 세계 최대 금융 블록체인 컨소시엄 R3와 손잡은 LG CNS◆…출처 : LG CNS이박에 LG CNS는 지난달 30일 국내 처음으로 세계 최대 금융 특화 블록체인 컨소시엄인 R3와 사업 파트너십 협약을 체결하고, 본격적인 블록체인 사업에 나선다고 밝혔다. R3는 월스트리트의 베테랑들이 모여 분산원장 기반의 핀테크 스타트업에서 시작한 컨소시엄으로, 2015년 40여 개 금융 회원사를 시작으로 현재는 국내 금융회사 5곳(KEB하나,신한, IBK기업, 우리, KB국민)를 포함, 전세계 80여 개 대형 금융 기업들이 참여하고 있다.이를 계기로 LG CNS는 R3와 국내 유망 스타트업이 참여하는 3자 협의체를 구성하여 블록체인 생태계를 조성한다는 복안이다.  3자간 블록체인 협의체는 급변하는 글로벌 금융 트렌드에 신속하게 대응하고, 단순한 기술 확산을 넘어 개발자와 기업이 블록체인을 손쉽게 이용할 수 있도록 국내 표준을 정립해 국내 금융 환경에 특화된 블록체인 서비스 제공할 예정이다.R3의 금융 특화 플랫폼 코다(CORDA)는 금융산업에 최적화된 분산원장 기술로, 모든 참여자가 합의를 이뤄야 하는 점과 달리 코다 플랫폼은 거래당사자들만 정보를 공유하기 때문에 기존 블록체인의 한계인 정보의 기밀성과 거래에 대한 합의 신속성을 보장할 수 있다.이에 LG CNS는 R3와 협력하여 블록체인 기술의 신속한 국내 확산과 함께 글로벌 금융사들이 검증한 다양한 금융 적용 사례를 국내 금융사들에게도 적용할 계획이다. 향후 블록체인 기술은 다양한 산업에 적용 가능하며, 제조/물류 분야에 블록체인 기술이 적용된 스마트 계약(Smart Contract)을 이용하면 부품의 공급과 대금 지불의 프로세스가 대폭 간소화되어 비용과 시간을 최소화 할 수 있을 것으로 기대한다. 또한, 의료 분야에서는 보험사에 의료비 청구 시 제출 서류 및 절차 간소화 등도 가능하다.LG CNS 금융사업담당 김홍근 상무는 “이번 R3와 협업을 통해 검증된 글로벌 블록체인 플랫폼 위에 LG CNS의 풍부한 금융사업과 결합, 다양한 금융 서비스를 제공하고, 나아가 산업 전반으로 확대 진출할 계획”이라고 말했다.▶ [HOT]당신의 10분 몸 만들기...황현정기자의 쭉쭉빵빵▶ [HOT]세무·회계 실무, 맞춤형 교육 '조세일보 재무교육원'..민경종(kj-min@joseilbo.com)저작권자 ⓒ 조세일보(http://www.joseilbo.com). 무단전재 및 재배포 금지",http://www.joseilbo.com/news/news_read.php?uid=326807&class=17&grp=
news,2017-06-07 11:04:00,조세일보,"금감원 ""20년 감독·검사 베테랑 10명, 핀테크 금융규제 '코치'""","◆…자료=금융감독원 제공금융감독원은 핀테크 스타트업들이 창업 후 금융 관련 규제를 이해하지 못해 실패하는 사례를 막기 위해 '핀테크 현장 자문단'을 구성해 7일 본격 운영에 들어간다고 발표했다.자문단은 20년 이상의 감독·검사 경력이 있는 금감원 직원 10여명으로 짜여졌으며 자문 수요가 있는 핀테크 업체의 사무실을 직접 방문해 현장에서 컨설팅을 한다는 것이 특징이다.컨설팅 내용은 금융업 인허가 지원, 사업모델 상 규제이슈 자문을 비롯해 내부통제 프로세스 구축 지원 등이다.금감원은 이를 위해 현장 자문서비스 신청회사의 아이디어‧기술의 혁신성과 소비자 효익의 증진 여부를 고려해 지원 우선순위를 결정키로 했다. 이날 1차로 쿱스코리아 등 3개업체를 지원대상으로 선정해 각사 '맞춤형' 지원에 나섰다.금감원 관계자는 “현장자문 종료 이후 1년간 사후관리 서비스를 제공해 규제 컨설팅의 연속성과 규제준수 향상의 효과를 담보할 계획”이라고 말했다. 특히 핀테크 기업의 금융업 진입이후 성장과정에서 추가로 발생하는 규제상 쟁점사항에도 지속 자문할 예정이다.혁신적인 아이디어와 기술을 보유한 핀테크 기업과 예비창업자라면 누구나 금감원과 핀테크지원센터나 디캠프 같은 협력기관의 홈페이지에서 이메일로 신청 가능하다.▶ [HOT]당신의 10분 몸 만들기...황현정기자의 쭉쭉빵빵▶ [HOT]세무·회계 실무, 맞춤형 교육 '조세일보 재무교육원'..윤진식(yourjeen@joseilbo.com)저작권자 ⓒ 조세일보(http://www.joseilbo.com). 무단전재 및 재배포 금지",http://www.joseilbo.com/news/news_read.php?uid=326648&class=18&grp=
news,2017-06-07 04:44:00,조세일보,"부산은행, 핀테크 분야 인턴직원 채용","BNK금융그룹 부산은행은 금융권 최초로 핀테크 분야 인턴직원을 채용하는 '2017 BNK핀턴쉽 프로그램' 지원자를 모집한다고 7일 밝혔다.모집기간은 오는 15일까지 전국의 4년제 대학생 중 4학년이면 누구나 지원이 가능하다. 서류 합격자에 한해 21일 면접을 실시하고 26일경 최종 합격자를 발표한다.최종 합격한 '핀턴'은 본격적인 근무에 앞서 1개월간 부산은행 영업점(셀프뱅크 및 스마트스퀘어 포함)에서 직접 실무를 경험하고 디지털 금융 교육도 이수하게 된다. 이후 부산은행 본점에서 약 4개월간 디지털 금융 관련 컨설팅 업무 등을 수행하게 된다. 핀턴쉽 참여자들은 매월 일정 급여와 함께 활동 후 장학금 지원(근무평점 순) 및 내년 부산은행 공채 지원시 가산점도 부여받을 수 있다. 본인이 기획한 핀테크 사업 모델을 바탕으로 핀테크 창업지원, 공동사업 추진 등도 가능하다.BNK부산은행 빈대인 은행장 직무대행은 ""2017 핀턴쉽 프로그램은 차세대 디지털 금융 인재 확보를 위해 금융권 최초로 시도되는 프로그램으로 기존 BNK핀테크발전협의회, BNK핀테크크리에이티브랩 등과 함께 핀테크 관련 우수 사례로 발전시켜 나가겠다""고 전했다.'핀턴'은 핀테크(Fintech)와 인턴쉽(Internship)의 합성어로 핀테크 신사업 발굴 및 기획, 컨설팅 등의 업무를 수행하는 인턴 직원을 말한다.▶ [HOT]당신의 10분 몸 만들기...황현정기자의 쭉쭉빵빵▶ [HOT]세무·회계 실무, 맞춤형 교육 '조세일보 재무교육원'..임순택(kookje@joseilbo.com)저작권자 ⓒ 조세일보(http://www.joseilbo.com). 무단전재 및 재배포 금지",http://www.joseilbo.com/news/news_read.php?uid=326685&class=18&grp=
news,2017-06-02 10:30:00,조세일보,"하나은행 ""말로 등록된 입금계좌에 15초내 송금""…빅스비 채용","◆…사진=KEB하나은행 제공KEB하나은행은 말로 간편하게 금융거래를 할 수 있는 '음성인식 텍스트뱅킹'을 내놨다고 2일 밝혔다.텍스트뱅킹 (Text Banking)은 KEB하나은행이 지난해 11월 국내 최초로 문자 메시지 (SMS)로 손쉽게 송금할 수 있는 신개념 대화형 금융플랫폼이다. 여기에 삼성전자의 지능형 인터페이스 기술인 '빅스비(Bixby)'를 적용해 음성명령으로도 금융거래를 할 수 있게 했다.이는 지난해 7월 삼성전자와 핀테크 부문 전략적 제휴를 맺은 이후 8월에 삼성전자의 홍채인증 기술을 적용한 '셀카뱅킹'서비스에 이어 두 번째 성과다.이날 첫 선을 보인 '빅스비'기반의 음성 인식 텍스트뱅킹 서비스를 이용하면 간단하게 이체 거래를 할 수 있다. 텍스트뱅킹을 통해 입금계좌를 '별칭'으로 미리 등록만 해 놓으면 15초내에 이체 거래를 마칠  수 있다 .예컨대 텍스트뱅킹에 자녀의 계좌를 입금계좌로 미리 등록해 놓고 갤럭시S8에서 빅스비를 활성화한 뒤 “KEB하나은행에서 아들한테 10만원 보내줘”라고 말하면 KEB 하나은행의 텍스트뱅킹앱이 자동 실행되고 생체인증을 거쳐 이체내용 확인만 하면 모든 게 끝난다.KEB하나은행은 음성인식 텍스트뱅킹 서비스 돌입과 동시 기존 복잡한 보안매체 입력프로세스를 대폭 정리했다. 특히 등록된 입금계좌에 이체 때 지문 또는 홍채를 통한 생체인증 한 번만으로 끝나고 사전 등록되지 않은 계좌로 이체시에는 계좌비밀번호만 추가 입력하면 된다.이체 거래 뿐 만 아니라 음성명령으로 잔액과 거래내역 조회도 가능하다. 로그인을 별도로 하지 않아도 환율조회를 할 수 있다. 이체 거래는 1일 300만원까지.현재 삼성전자 스마트폰 갤럭시 S8, 갤럭시S8+을 쓰는 고객은 삼성페이앱으로 KEB하나은행의 음성인식 텍스트뱅킹을 설치할 수 있다. 빅스비가 서비스되지 않는 갤럭시S7, S7엣지 기종은 음성이 아닌 터치기반으로 앱을 이용할 수 있다 .KEB 하나은행 미래금융그룹 한준성 부행장은 “이종 산업과의 융합으로 선보인 음성 인식 텍스트뱅킹은 향후 추진할 인공지능 대화형 금융플랫폼의 마중물 역할을 하게 될 것” 이라고 강조했다.▶ [HOT]당신의 10분 몸 만들기...황현정기자의 쭉쭉빵빵▶ [HOT]세무·회계 실무, 맞춤형 교육 '조세일보 재무교육원'..윤진식(yourjeen@joseilbo.com)저작권자 ⓒ 조세일보(http://www.joseilbo.com). 무단전재 및 재배포 금지",http://www.joseilbo.com/news/news_read.php?uid=326289&class=18&grp=
